{
    "build": {
        "dest": "build",
        "root": "./build",
        "dev": false
    },
    "development": {
        "host": "localhost",
        "dest": "dev",
        "root": "./",
        "dev": true,
        "hapi": {
            "options": {
                "port": 8050,
                "secret": "UNSAFE: CHANGE ME"
            },
            "routes": [{
                "module": "agency-server/lib/hapi/route/debug",
                "options": {}
            }, {
                "module": "agency-server/lib/hapi/route/kewego",
                "options": {
                    "appKey": "UNSAFE: CHANGE ME"
                }
            }, {
                "module": "agency-server/lib/hapi/route/auth/session",
                "options": {
                    "appId": "1649448378651481",
                    "appSecret": "f6ef2995e1483b161d013c49e86c0273"
                }
            }, {
                "module": "agency-server/lib/hapi/route/static",
                "options": {}
            }, {
                "module": "agency-server/lib/hapi/route/proxy",
                "options": {}
            }, {
                "module": "../../../../env/routes/getMenuConfig",
                "options": {}
            }]
        },
        "websocket": {

        },
        "webpack": {
            "plugins": [
                {"script": "agency-environment/lib/webpack/plugins/provide", "config": {
                    "$": "jquery",
                    "jQuery": "jquery",
                    "window.jQuery": "jquery",
                    "root.jQuery": "jquery"
                }},
                {"script": "agency-environment/lib/webpack/plugins/polyfills"},
                {"script": "agency-environment/lib/webpack/plugins/dedupe"},
                {"script": "agency-environment/lib/webpack/plugins/hotReplacement"}
            ],
            "module": {
                "preLoaders": [{
                    "test": ".js$",
                    "exclude": "node_modules",
                    "loader": "jshint-loader"
                }],
                "loaders": [
                    {"test": ".hbs$", "loader": "handlebars-loader", "query": {
                        "exclude": "node_modules",
                        "knownHelpers": ["block", "content"],
                        "helperDirs": [
                          "<%= root %>/src/tmpl/partials"
                        ],
                        "debug": false
                    } },
                    {"test": ".css$", "loader": "style-loader!css-loader"},
                    {"test": ".(png|jpg|gif|svg|ttf|woff|eot)$", "loader": "url-loader?limit=100000"},
                    {"test": ".modernizrrc$", "loader": "modernizr"}
                ]
            },
            "resolve": {
              "alias": {
                "modernizr$": "<%= root %>/.modernizrrc"
              }
            },
            "files": {
                "src": "./src/js/main.js",
                "dest": "js/app.js"
            },
            "port": 8051
        },
        "weinre": {
            "port": 8052
        },
        "livereload": {
            "port": 8053
        }
    },

    "production": {
        "host": "localhost",
        "dest": "production",
        "root": "./production",
        "dev": false,
        "hapi": {
            "options": {
                "port": 8050,
                "secret": "UNSAFE: CHANGE ME"
            },
            "routes": [{
                "module": "agency-server/lib/hapi/route/debug",
                "options": {}
            }, {
                "module": "agency-server/lib/hapi/route/kewego",
                "options": {
                    "appKey": "UNSAFE: CHANGE ME"
                }
            }, {
                "module": "agency-server/lib/hapi/route/auth/session",
                "options": {}
            }, {
                "module": "agency-server/lib/hapi/route/static",
                "options": {}
            }, {
                "module": "agency-server/lib/hapi/route/proxy",
                "options": {}
            }]
        }
    }
}
