{
  "clean": {
    "subtasks": [{
      "name": "default",
      "files": {
        "dest": "<%= destination %>"
      }
    }]
  },
  "copy": {
    "subtasks": [{
      "name": "default",
      "files": {
        "src": ["src/assets/**/*.{ttf,woff,eot,svg,ico,png,jpg,gif}"],
        "dest": "<%= destination %>/assets"
      }
    }, {
      "name": "external",
      "files": {
        "src": ["src/external/**/*"],
        "dest": "<%= destination %>/external"
      }
    }],
    "watch": [{
      "src": ["src/assets/**/*.{ttf,woff,eot,svg,ico,png,jpg,gif}"],
      "tasks": ["default"]
    }, {
      "src": ["src/external/**/*"],
      "tasks": ["external"]
    }]
  },
  "handlebars": {
    "assets": "<%= destination %>/assets/",
    "layouts": "./src/tmpl/partials/layouts/**/*.hbs",
    "partials": ["./src/tmpl/partials/**/*.hbs"],
    "scripts": {
      "js": {
        "main": "<%= destination %>/js/app.js",
        "embed": [
          "<%= destination %>/js/embed/_main.js",
          "<%= destination %>/js/embed/animationFrame.js",
          "<%= destination %>/js/embed/picture.js",
          "<%= destination %>/js/embed/embed.js"
        ]
      },
      "css": {
        "main": "css/style.css",
        "critical": "<%= destination %>/css/critical.css"
      }
    },
    "fonts": [{
      "name": "icomoon",
      "path": "assets/fonts/icomoon/fonts/icomoon",
      "style": "normal",
      "weight": "400",
      "testString": "\uea11\uea81"
    }, {
      "name": "AmaticSC",
      "path": "assets/fonts/amatic-sc-v8-latin/amatic-sc-v8-latin-regular",
      "style": "normal",
      "weight": "400",
      "testString": "ABCD"
    }, {
      "name": "AmaticSC",
      "path": "assets/fonts/amatic-sc-v8-latin/amatic-sc-v8-latin-700",
      "style": "normal",
      "weight": "700",
      "testString": "ABCD"
    }],
    "subtasks": [{
      "name": "pages",
      "layout": "layouts/default",
      "files": {
        "src": ["./src/tmpl/**/*.hbs", "!./src/tmpl/partials/common/**/*.hbs", "!./src/tmpl/partials/layouts/**/*.hbs"],
        "dest": "<%= destination %>"
      },
      "data": {
        "cwd": "./src/data/",
        "src": "./**/*.{json,yaml}"
      }
    }],
    "watch": [{
      "src": ["src/tmpl/**/*.hbs", "src/data/**/*.json"]
    }]
  },
  "postcss": {
    "subtasks": [{
      "name": "default",
      "sourcemap": true,
      "plugins": [{
        "name": "postcss-import",
        "params": []
      }, {
        "name": "precss",
        "params": []
      }, {
        "name": "postcss-calc",
        "params": []
      }, {
        "name": "postcss-clearfix",
        "params": []
      }, {
        "name": "autoprefixer",
        "params": [{
          "browsers": ["> 2%", "last 2 versions", "IE 9", "Firefox ESR"]
        }]
      }, {
        "name": "postcss-discard-comments",
        "params": []
      }, {
        "name": "cssnano",
        "params": []
      }],
      "files": {
        "src": ["./src/pcss/style.pcss", "./src/pcss/critical.pcss"],
        "dest": "<%= destination %>/css"
      }
    }],
    "watch": [{
      "src": ["src/pcss/**/*.pcss"]
    }]
  },
  "purecss": {
    "breakpoints": {
      "xs": "screen and (min-width: 30em)",
      "sm": "screen and (min-width: 48em)",
      "md": "screen and (min-width: 62em)",
      "lg": "screen and (min-width: 75em)"
    },
    "files": {
      "dest": "./generated/pcss/"
    }
  },
  "sitemap": {
    "subtasks": [{
      "name": "default",
      "domain": "http://www.example.com",
      "files": {
        "src": ["<%= destination %>/**/*.html", "!<%= destination %>/partials/**/*.html"],
        "dest": "<%= destination %>"
      }
    }]
  },
  "webpack": {
    "subtasks": [{
      "name": "app",
      "hotReplacement": true,
      "plugins": [{
        "script": "agency-environment/lib/webpack/plugins/provide",
        "config": {
          "$": "jquery",
          "jQuery": "jquery",
          "window.jQuery": "jquery",
          "root.jQuery": "jquery"
        }
      }, {
        "script": "agency-environment/lib/webpack/plugins/polyfills"
      }, {
        "script": "agency-environment/lib/webpack/plugins/dedupe"
      }, {
        "script": "agency-environment/lib/webpack/plugins/uglify"
      }],
      "module": {
        "preLoaders": [{
          "test": ".js$",
          "exclude": "node_modules",
          "loader": "jshint-loader"
        }],
        "loaders": [{
          "test": ".hbs$",
          "loader": "handlebars-loader",
          "query": {
            "knownHelpers": ["block", "content"],
            "helperDirs": [
              "<%= root %>/src/tmpl/partials"
            ],
            "debug": false
          }
        }, {
          "test": ".css$",
          "loader": "style-loader!css-loader"
        }, {
          "test": ".(png|jpg|gif|svg|ttf|woff|eot)$",
          "loader": "url-loader?limit=100000"
        }, {
          "test": ".modernizrrc$",
          "loader": "modernizr"
        }]
      },
      "resolve": {
        "alias": {
          "modernizr$": "<%= root %>/.modernizrrc"
        }
      },
      "files": {
        "src": ["./src/js/main.js"],
        "dest": "<%= destination %>/js/app.js"
      }
    }, {
      "name": "embed",

      "entry": {
        "picture": "./src/js/polyfills/picture",
        "animationFrame": "./src/js/polyfills/animationFrame",
        "embed": "./src/js/embed"
      },

      "plugins": [{
        "script": "agency-environment/lib/webpack/plugins/dedupe"
      }, {
        "script": "agency-environment/lib/webpack/plugins/chunk",
        "config": {
          "main": "_main.js",
          "packages": ["picture", "animationFrame", "embed"]
        }
      }, {
        "script": "agency-environment/lib/webpack/plugins/uglify"
      }],
      "module": {
        "preLoaders": [{
          "test": ".js$",
          "exclude": "node_modules",
          "loader": "jshint-loader"
        }],
        "loaders": [{
          "test": ".modernizrrc$",
          "loader": "modernizr"
        }]
      },
      "resolve": {
        "alias": {
          "modernizr$": "<%= root %>/.modernizrrc"
        }
      },
      "files": {
        "src": ["./src/js/polyfills/animationFrame", "./src/js/polyfills/picture", "./src/js/embed"],
        "dest": "<%= destination %>/js/embed/[name].js",
        "library": ["[name]"]
      }
    }]
  }
}
