{
    "title": "TITLE",
    "keywords": "KEYWORDS",
    "description": "DESCRIPTION",
    "social": {
        "title": "Social Title",
        "description": "Social Description",
        "image": {
            "url": "image url",
            "secureUrl": "secure image url",
            "type": "image/png",
            "width": 200,
            "height": 200
        },
        "localization": "de_DE"
    },
    "body": {
      "textbox1": {
        "text": "Eine wunderbare Heiterkeit hat meine ganze Seele eingenommen, gleich den süßen Frühlingsmorgen, die ich mit ganzem Herzen genieße. Ich bin allein und freue mich meines Lebens in dieser Gegend, die für solche Seelen geschaffen ist wie die meine. Ich bin so glücklich, mein Bester, so ganz in dem Gefühle von ruhigem Dasein versunken, daß meine Kunst darunter leidet. Ich könnte jetzt nicht zeichnen, nicht einen Strich, und bin nie ein größerer Maler gewesen als in diesen Augenblicken. Wenn das liebe Tal um mich dampft, und die hohe Sonne an der Oberfläche der undurchdringlichen Finsternis meines Waldes ruht, und nur einzelne Strahlen sich in das innere Heiligtum stehlen, ich dann im hohen Grase am fallenden Bache liege, und näher an der Erde tausend mannigfaltige Gräschen mir merkwürdig werden; wenn ich das Wimmeln der kleinen Welt zwischen Halmen, die unzähligen, unergründlichen Gestalten der Würmchen, der Mückchen näher an meinem Herzen fühle, und fühle die Gegenwart des Allmächtigen, der uns nach seinem Bilde schuf, das Wehen des Alliebenden, der uns in ewiger Wonne schwebend trägt und erhält; mein Freund! Wenn's dann um meine Augen dämmert, und die Welt um mich her und der Himmel ganz in meiner Seele ruhn wie die Gestalt einer Geliebten - dann sehne ich mich oft und denke : ach könntest du das wieder ausdrücken, könntest du dem Papiere das einhauchen, was so voll, so warm in dir lebt, daß es würde der Spiegel deiner Seele, wie deine Seele ist der Spiegel des unendlichen Gottes! - mein Freund - aber ich gehe darüber zugrunde, ich erliege unter der Gewalt der Herrlichkeit dieser Erscheinungen.Eine wunderbare Heiterkeit hat meine ganze Seele eingenommen, gleich den süßen Frühlingsmorgen, die ich mit ganzem Herzen genieße. Ich bin allein und freue mich meines Lebens in dieser Gegend, die für solche Seelen geschaffen ist wie123456"
      },
      "textbox2": {
        "text": "Jemand musste Josef K. verleumdet haben, denn ohne dass er etwas Böses getan hätte, wurde er eines Morgens verhaftet. »Wie ein Hund!« sagte er, es war, als sollte die Scham ihn überleben. Als Gregor Samsa eines Morgens aus unruhigen Träumen erwachte, fand er sich in seinem Bett zu einem ungeheueren Ungeziefer verwandelt. Und es war ihnen wie eine Bestätigung ihrer neuen Träume und guten Absichten, als am Ziele ihrer Fahrt die Tochter als erste sich erhob und ihren jungen Körper dehnte. »Es ist ein eigentümlicher Apparat«, sagte der Offizier zu dem Forschungsreisenden und überblickte mit einem gewissermaßen bewundernden Blick den ihm doch wohlbekannten Apparat. Sie hätten noch ins Boot springen können, aber der Reisende hob ein schweres, geknotetes Tau vom Boden, drohte ihnen damit und hielt sie dadurch von dem Sprunge ab. In den letzten Jahrzehnten ist das Interesse an Hungerkünstlern sehr zurückgegangen. Aber sie überwanden sich, umdrängten den Käfig und wollten sich gar nicht fortrühren.Jemand musste Josef K. verleumdet haben, denn ohne dass er etwas Böses getan hätte, wurde er eines Morgens verhaftet. »Wie ein Hund!« sagte er, es war, als sollte die Scham ihn überleben. Als Gregor Samsa eines Morgens aus unruhigen Träumen erwachte, fand er sich in seinem Bett zu einem ungeheueren Ungeziefer verwandelt. Und es war ihnen wie eine Bestätigung ihrer neuen Träume und guten Absichten, als am Ziele ihrer Fahrt die Tochter als erste sich erhob und ihren jungen Körper dehnte. »Es ist ein eigentümlicher Apparat«, sagte der Offizier zu dem Forschungsreisenden und überblickte mit einem gewissermaßen bewundernden Blick den ihm doch wohlbekannten Apparat. Sie hätten noch ins Boot springen können, aber der Reisende hob ein schweres, geknotetes Tau vom Boden, drohte ihnen damit und hielt sie dadurch von dem Sprunge ab. In den letzten Jahrzehnten ist das Interesse an Hungerkünstlern sehr zurückgegangen. Aber"
      },
      "parallaxContainer1": { 
        "animation": {
          "target": ".controller[data-controller='./partials/components/ParallaxContainer']",
          "text": "1234"
        }
      },
      "parallaxContainer2": {
        "direction": "right-to-left"
      },
      "textbox3": {
        "text": "Es gibt im Moment in diese Mannschaft, oh, einige Spieler vergessen ihnen Profi was sie sind. Ich lese nicht sehr viele Zeitungen, aber ich habe gehört viele Situationen. Erstens: wir haben nicht offensiv gespielt. Es gibt keine deutsche Mannschaft spielt offensiv und die Name offensiv wie Bayern. Letzte Spiel hatten wir in Platz drei Spitzen: Elber, Jancka und dann Zickler. Wir müssen nicht vergessen Zickler. Zickler ist eine Spitzen mehr, Mehmet eh mehr Basler. Ist klar diese Wörter, ist möglich verstehen, was ich hab gesagt? Danke. Offensiv, offensiv ist wie machen wir in Platz. Zweitens: ich habe erklärt mit diese zwei Spieler: nach Dortmund brauchen vielleicht Halbzeit Pause. Ich habe auch andere Mannschaften gesehen in Europa nach diese Mittwoch. Ich habe gesehen auch zwei Tage die Training. Ein Trainer ist nicht ein Idiot! Ein Trainer sei sehen was passieren in Platz. In diese Spiel es waren zwei, drei diese Spieler waren schwach wie eine Flasche leer! Haben Sie gesehen Mittwoch, welche Mannschaft hat gespielt Mittwoch? Hat gespielt Mehmet oder gespielt Basler oder hat gespielt Trapattoni? Diese Spieler beklagen mehr als sie spielen! Wissen Sie, warum die Italienmannschaften kaufen nicht diese Spieler? Weil wir haben gesehen viele Male solche Spiel! Haben gesagt sind nicht Spieler für die italienisch Meisters! Strunz! Strunz ist zwei Jahre hier, hat gespielt 10 Spiele, ist immer verletzt! Was erlauben Strunz? Letzte Jahre Meister Geworden mit Hamann, eh, Nerlinger. Diese Spieler waren Spieler! Waren Meister geworden! Ist immer verletzt! Hat gespielt 25 Spiele in diese Mannschaft in diese Verein. Muß respektieren die andere Kollegen! haben viel nette kollegen! Stellen Sie die Kollegen die Frage! Haben keine Mut an Worten, aber ich weiß, was denken über diese Spieler. Mussen zeigen jetzt, ich will, Samstag, diese Spieler müssen zeigen mich, seine Fans, müssen alleine die Spiel gewinnen. Muß allein"
      },
      "textbox4": {
        "text": "Er hörte leise Schritte hinter sich. Das bedeutete nichts Gutes. Wer würde ihm schon folgen, spät in der Nacht und dazu noch in dieser engen Gasse mitten im übel beleumundeten Hafenviertel? Gerade jetzt, wo er das Ding seines Lebens gedreht hatte und mit der Beute verschwinden wollte! Hatte einer seiner zahllosen Kollegen dieselbe Idee gehabt, ihn beobachtet und abgewartet, um ihn nun um die Früchte seiner Arbeit zu erleichtern? Oder gehörten die Schritte hinter ihm zu einem der unzähligen Gesetzeshüter dieser Stadt, und die stählerne Acht um seine Handgelenke würde gleich zuschnappen? Er konnte die Aufforderung stehen zu bleiben schon hören. Gehetzt sah er sich um. Plötzlich erblickte er den schmalen Durchgang. Blitzartig drehte er sich nach rechts und verschwand zwischen den beiden Gebäuden. Beinahe wäre er dabei über den umgestürzten Mülleimer gefallen, der mitten im Weg lag. Er versuchte, sich in der Dunkelheit seinen Weg zu ertasten und erstarrte: Anscheinend gab es keinen anderen Ausweg aus diesem kleinen Hof als den Durchgang, durch den er gekommen war. Die Schritte wurden lauter und lauter, er sah eine dunkle Gestalt um die Ecke biegen. Fieberhaft irrten seine Augen durch die nächtliche Dunkelheit und suchten einen Ausweg. War jetzt wirklich alles vorbei, waren alle Mühe und alle Vorbereitungen umsonst? Er presste sich ganz eng an die Wand hinter ihm und hoffte, der Verfolger würde ihn übersehen, als plötzlich neben ihm mit kaum wahrnehmbarem Quietschen eine Tür im nächtlichen Wind hin und her schwang. Könnte dieses der flehentlich herbeigesehnte Ausweg aus seinem Dilemma sein? Langsam bewegte er sich auf die offene Tür zu, immer dicht an die Mauer gepresst. Würde diese Tür seine Rettung werden?Er hörte leise Schritte hinter sich. Das bedeutete nichts Gutes. Wer würde ihm schon folgen, spät in der Nacht und dazu noch in dieser engen Gasse mitten im"
      }
    }
}
